<?xml version="1.0" encoding="UTF-8" standalone="no"?>
<theme>
    <version>1.1</version>
    <uiVersion>10</uiVersion>
    <author>Nicola Inchingolo</author>
    <designer>Nicola Inchingolo</designer>
    <title>Notification Only</title>
    <description>Show only notifications</description>
    <authors>
        <author locale="it_IT">Nicola Inchingolo</author>
    </authors>
    <designers>
        <designer locale="it_IT">Nicola Inchingolo</designer>
    </designers>
    <titles>
        <title locale="it_IT">Solo notifiche</title>
    </titles>
    <descriptions>
        <description locale="it_IT">Visualizzazione delle sole notifiche</description>
    </descriptions>
</theme>
