<?xml version="1.0" encoding="utf-8"?>
<Aod frameRate="60" screenWidth="1080" version="1" extraScales="sw880-den440:0.8148,sw1860-den440:1" extraResources="sw880-den440::0.91,sw1860-den440::0.5323">
    <!-- Notes on the aod module:
         1. The animation trigger is placed in the Trigger below;
         2. The animation duration does not exceed 4s, and the excess part will be forcibly stopped;
         3. The animation is only played once, and the time is refreshed every minute thereafter.
    -->
    <ExternalCommands>
        <Trigger action="init">
            <ExternCommand command="animationState" strPara="'init'"/>
        </Trigger>
        <Trigger action="play">
            <AnimationCommand target="timeAni" command="play"/>
        </Trigger>
    </ExternalCommands>
    
    <Var name="timeAni">
        <VariableAnimation loop="false" initPause="true">
            <AniFrame value="0" time="0" easeType="CubicEaseOut"/>
            <AniFrame value="1" time="1000"/>
        </VariableAnimation>
    </Var>
    
    <VariableBinders>
        <ContentProviderBinder name="data" uri="content://aod.notification/notifications" columns="icon" countName="noticeIconNum">
            <Variable name="notice_icon0" type="blob.bitmap" column="icon" row="0"/>
            <Variable name="notice_icon1" type="blob.bitmap" column="icon" row="1"/>
            <Variable name="notice_icon2" type="blob.bitmap" column="icon" row="2"/>
            <Variable name="notice_icon3" type="blob.bitmap" column="icon" row="3"/>
            <Trigger>
                <VariableCommand name="hasnotifications" expression="#noticeIconNum" type="number"/>
            </Trigger>
        </ContentProviderBinder>
    </VariableBinders>
    
    <!-- Battery -->
    <Var name="batteryColor" expression="ifelse(#battery_state==1||#battery_state==3,'#ff4CB012','#ffffffff')" type="string"/>
    <Group x="540" y="840+int((#timeAni-1)*140)" w="1080" h="50" align="center" alignV="center" alpha="#timeAni*255" visibility="#battery_enable">
        <Group x="540" y="25" w="75" h="34" align="right" alignV="center">
            <Image src="icon/battery.png"/>
            <Rectangle x="8" y="8" w="0.53*#battery_level" h="18" fillColor="@batteryColor" cornerRadius="3"/>
            <Image x="35" y="17" align="center" alignV="center" src="icon/flash.png" visibility="#battery_state==1||#battery_state==3"/>
        </Group>
        <Text x="555" y="25" alignV="center" color="#ffffffff" size="38" textExp="#battery_level+'%'"/>
    </Group>
    
    <!-- Notifications -->
    <Var name="noticeSpace" type="number" const="true" expression="60"/>
    <Group y="840+int(#battery_enable)*64+int((#timeAni-1)*140)" alpha="#timeAni*255">
        <!-- Preview -->
        <Group visibility="#notification_enable ** #preview_mode">
            <Image x="540-#noticeSpace*3" w="72" h="72" align="center" srcType="ApplicationIcon" srcExp="'com.android.contacts,com.android.contacts.activities.TwelveKeyDialer'"/>
            <Image x="540-#noticeSpace*1" w="72" h="72" align="center" srcType="ApplicationIcon" srcExp="'com.android.mms,com.android.mms.ui.MmsTabActivity'"/>
            <Image x="540+#noticeSpace*1" w="72" h="72" align="center" srcType="ApplicationIcon" srcExp="'com.google.android.gm'"/>
            <Image x="540+#noticeSpace*3" w="72" h="72" align="center" srcType="ApplicationIcon" srcExp="'com.android.thememanager,com.android.thememanager.ThemeResourceTabActivity'"/>
        </Group>
        <!-- Real part -->
        <Group x="-min(#hasnotifications-1,3)*#noticeSpace" visibility="#notification_enable ** !#preview_mode">
            <Image name="notice_icon0" x="540+#noticeSpace*0" w="72" h="72" align="center" visibility="#hasnotifications}=1"/>
            <Image name="notice_icon1" x="540+#noticeSpace*2" w="72" h="72" align="center" visibility="#hasnotifications}=2"/>
            <Image name="notice_icon2" x="540+#noticeSpace*4" w="72" h="72" align="center" visibility="#hasnotifications}=3"/>
            <Image name="notice_icon3" x="540+#noticeSpace*6" w="72" h="72" align="center" visibility="#hasnotifications}=4"/>
        </Group>
    </Group>
</Aod>
